-- phpMyAdmin SQL Dump
-- version 5.1.1
-- https://www.phpmyadmin.net/
--
-- Host: 127.0.0.1
-- Tempo de geração: 21-Mar-2022 às 02:30
-- Versão do servidor: 10.4.22-MariaDB
-- versão do PHP: 8.1.2

SET SQL_MODE = "NO_AUTO_VALUE_ON_ZERO";
START TRANSACTION;
SET time_zone = "+00:00";


/*!40101 SET @OLD_CHARACTER_SET_CLIENT=@@CHARACTER_SET_CLIENT */;
/*!40101 SET @OLD_CHARACTER_SET_RESULTS=@@CHARACTER_SET_RESULTS */;
/*!40101 SET @OLD_COLLATION_CONNECTION=@@COLLATION_CONNECTION */;
/*!40101 SET NAMES utf8mb4 */;

--
-- Banco de dados: `estoque`
--

-- --------------------------------------------------------

--
-- Estrutura da tabela `categorias`
--

CREATE TABLE `categorias` (
  `id_categoria` int(11) NOT NULL,
  `id_usuario` int(11) NOT NULL,
  `nome_categoria` varchar(100) NOT NULL,
  `datacaptura` date NOT NULL
) ENGINE=InnoDB DEFAULT CHARSET=utf8;

--
-- Extraindo dados da tabela `categorias`
--

INSERT INTO `categorias` (`id_categoria`, `id_usuario`, `nome_categoria`, `datacaptura`) VALUES
(8, 12, 'NOTEBOOKS', '2021-04-05'),
(9, 12, 'MONITORES', '2021-04-05'),
(10, 12, 'BATERIAS', '2021-04-09'),
(11, 12, 'TONER', '2021-04-09'),
(12, 12, 'PLACAS PPCI', '2021-04-09'),
(13, 12, 'PINPAD', '2021-04-09'),
(14, 12, 'CONECTORES', '2021-04-09'),
(15, 12, 'PEÇAS TONER', '2021-04-09'),
(16, 12, 'SISTEMAS', '2021-04-09'),
(17, 12, 'MEMORIAS', '2021-04-09'),
(18, 12, 'IMPRESSORAS', '2021-04-09'),
(19, 12, 'HARD DISK', '2021-04-09'),
(20, 12, 'FONTES', '2021-04-09'),
(21, 12, 'ESTABILIZADOR', '2021-04-09'),
(22, 12, 'NOBREAK', '2021-04-09'),
(23, 12, 'CENTRAIS', '2021-04-09'),
(24, 12, 'CABOS', '2021-04-09'),
(25, 12, 'ACIONADORES', '2021-04-09'),
(26, 12, 'TECLADOS', '2021-04-09'),
(27, 12, 'SENSORES', '2021-04-09'),
(28, 12, 'MOUSE', '2021-04-09'),
(29, 12, 'TELEFONES', '2021-04-09'),
(30, 12, 'SWITCH', '2021-04-09'),
(31, 12, 'RACKS', '2021-04-09'),
(32, 12, 'PLACAS INFO', '2021-04-09'),
(33, 12, 'MINI PC', '2021-04-09'),
(34, 12, 'GABINETES', '2021-04-09'),
(35, 12, 'CONSUMO', '2021-04-09'),
(36, 12, 'PERIFÉRICOS', '2021-04-09'),
(37, 12, 'MATERIAL PPCI', '2021-04-16'),
(38, 12, 'ALARMES', '2021-09-29');

-- --------------------------------------------------------

--
-- Estrutura da tabela `compras`
--

CREATE TABLE `compras` (
  `id_compra` int(11) NOT NULL,
  `data_lancamento` varchar(10) DEFAULT NULL,
  `data_cotacao` varchar(10) DEFAULT NULL,
  `data_compra` varchar(10) DEFAULT NULL,
  `data_recebimento` varchar(10) DEFAULT NULL,
  `status` varchar(50) DEFAULT NULL,
  `prazo` varchar(50) DEFAULT NULL,
  `id_produto` varchar(10) DEFAULT NULL,
  `quantidade` varchar(20) DEFAULT NULL,
  `id_user` varchar(10) DEFAULT NULL
) ENGINE=InnoDB DEFAULT CHARSET=utf8mb4;

--
-- Extraindo dados da tabela `compras`
--

INSERT INTO `compras` (`id_compra`, `data_lancamento`, `data_cotacao`, `data_compra`, `data_recebimento`, `status`, `prazo`, `id_produto`, `quantidade`, `id_user`) VALUES
(8, '29/09/2021', '30/09/2021', '30/09/2021', NULL, 'Confirma Compra', 'Compra Urgente', '52', '15', '22'),
(9, '29/09/2021', '30/09/2021', '30/09/2021', NULL, 'Confirma Compra', 'Compra Urgente', '71', '100', '22'),
(10, '29/09/2021', '30/09/2021', '30/09/2021', '30/09/2021', 'Confirma Recebimento', 'Compra Urgente', '118', '15', '12'),
(11, '29/09/2021', NULL, NULL, NULL, 'Nova Ordem', 'Compra Urgente', '119', '3 CX', '12'),
(12, '29/09/2021', NULL, NULL, NULL, 'Nova Ordem', 'Compra Urgente', '17', '50', '12'),
(13, '29/09/2021', '30/09/2021', '30/09/2021', '08/10/2021', 'Confirma Recebimento', 'Compra Urgente', '105', '100', '12'),
(14, '29/09/2021', '30/09/2021', '30/09/2021', '08/10/2021', 'Confirma Recebimento', 'Compra Urgente', '74', '100', '12'),
(15, '29/09/2021', '30/09/2021', '30/09/2021', '08/10/2021', 'Confirma Recebimento', 'Compra Urgente', '106', '100', '12'),
(16, '29/09/2021', '30/09/2021', '30/09/2021', '08/10/2021', 'Confirma Recebimento', 'Compra Urgente', '77', '100', '12'),
(17, '29/09/2021', '30/09/2021', '30/09/2021', '08/10/2021', 'Confirma Recebimento', 'Compra Urgente', '107', '50', '12'),
(18, '29/09/2021', '30/09/2021', '30/09/2021', '08/10/2021', 'Confirma Recebimento', 'Compra Urgente', '19', '80', '12'),
(19, '29/09/2021', '30/09/2021', '30/09/2021', '08/10/2021', 'Confirma Recebimento', 'Compra Urgente', '20', '80', '12'),
(20, '29/09/2021', '30/09/2021', '30/09/2021', '08/10/2021', 'Confirma Recebimento', 'Compra Urgente', '120', '10', '12'),
(21, '29/09/2021', '30/09/2021', '31/12/2021', NULL, 'Confirma Compra', 'Compra Urgente', '57', '10', '12'),
(22, '29/09/2021', NULL, NULL, NULL, 'Nova Ordem', 'Compra Urgente', '100', '30', '12'),
(23, '29/09/2021', '30/09/2021', '30/09/2021', '08/10/2021', 'Confirma Recebimento', 'Compra Urgente', '85', '200', '12'),
(24, '29/09/2021', '30/09/2021', '30/09/2021', '08/10/2021', 'Confirma Recebimento', 'Compra Urgente', '33', '200', '12'),
(25, '29/09/2021', '30/09/2021', '30/09/2021', NULL, 'Confirma Compra', 'Compra Urgente', '122', '1000', '12'),
(26, '29/09/2021', '30/09/2021', '30/09/2021', NULL, 'Confirma Compra', 'Compra Urgente', '123', '15', '12'),
(27, '29/09/2021', NULL, NULL, NULL, 'Nova Ordem', 'Compra Urgente', '124', '15', '12'),
(28, '29/09/2021', '30/09/2021', '30/09/2021', '08/10/2021', 'Confirma Recebimento', 'Compra Urgente', '21', '50', '12'),
(29, '29/09/2021', '30/09/2021', '30/09/2021', '08/10/2021', 'Confirma Recebimento', 'Compra Urgente', '78', '150 KG', '12'),
(30, '29/09/2021', NULL, NULL, NULL, 'Nova Ordem', 'Compra Urgente', '53', '15', '12'),
(31, '29/09/2021', NULL, NULL, NULL, 'Nova Ordem', 'Compra Urgente', '39', '15', '12'),
(32, '29/09/2021', NULL, NULL, NULL, 'Nova Ordem', 'Compra Urgente', '82', '15', '12'),
(33, '29/09/2021', NULL, NULL, NULL, 'Nova Ordem', 'Compra Urgente', '125', '50', '12'),
(34, '29/09/2021', NULL, NULL, NULL, 'Nova Ordem', 'Compra Urgente', '68', '10', '12'),
(35, '29/09/2021', NULL, NULL, NULL, 'Nova Ordem', 'Compra Urgente', '126', '5', '12'),
(36, '29/09/2021', NULL, NULL, NULL, 'Nova Ordem', 'Compra Urgente', '41', '15', '12'),
(37, '29/09/2021', NULL, NULL, NULL, 'Nova Ordem', 'Compra Urgente', '42', '15', '12'),
(38, '29/09/2021', '30/09/2021', '30/09/2021', '08/10/2021', 'Confirma Recebimento', 'Compra Urgente', '73', '100', '12'),
(39, '29/09/2021', NULL, NULL, NULL, 'Nova Ordem', 'Compra Urgente', '127', '20', '12'),
(41, '30/09/2021', NULL, NULL, NULL, 'Nova Ordem', 'Compra Urgente', '22', '35', '21');

-- --------------------------------------------------------

--
-- Estrutura da tabela `entradas`
--

CREATE TABLE `entradas` (
  `id_entrada` int(11) NOT NULL,
  `id_produto` int(11) NOT NULL,
  `quantidade` int(100) NOT NULL,
  `observacao` varchar(500) NOT NULL,
  `dataentrada` date NOT NULL
) ENGINE=InnoDB DEFAULT CHARSET=utf8mb4;

-- --------------------------------------------------------

--
-- Estrutura da tabela `estoque_produto`
--

CREATE TABLE `estoque_produto` (
  `id` int(11) NOT NULL,
  `id_produto` varchar(11) NOT NULL,
  `quantidade` varchar(11) NOT NULL
) ENGINE=InnoDB DEFAULT CHARSET=utf8mb4;

--
-- Extraindo dados da tabela `estoque_produto`
--

INSERT INTO `estoque_produto` (`id`, `id_produto`, `quantidade`) VALUES
(1, '1', '0'),
(2, '2', '0'),
(3, '3', '0'),
(4, '4', '0'),
(5, '5', '0'),
(6, '6', '0'),
(7, '7', '0'),
(8, '8', '0'),
(9, '9', '0'),
(10, '10', '0'),
(11, '11', '0'),
(12, '12', '0'),
(13, '13', '0'),
(14, '14', '0'),
(15, '15', '0'),
(16, '16', '0'),
(17, '17', '0'),
(18, '18', '0'),
(19, '19', '0'),
(20, '20', '0'),
(21, '21', '0'),
(22, '22', '0'),
(23, '23', '0'),
(24, '24', '0'),
(25, '25', '0'),
(26, '26', '0'),
(27, '27', '0'),
(28, '28', '0'),
(29, '29', '0'),
(30, '30', '0'),
(31, '31', '0'),
(32, '32', '0'),
(33, '33', '0'),
(34, '34', '0'),
(35, '35', '0'),
(36, '36', '0'),
(37, '37', '0'),
(38, '38', '0'),
(39, '39', '0'),
(40, '40', '0'),
(41, '41', '0'),
(42, '42', '0'),
(43, '43', '0'),
(44, '44', '0'),
(45, '45', '0'),
(46, '46', '0'),
(47, '47', '0'),
(48, '48', '0'),
(49, '49', '0'),
(50, '50', '0'),
(51, '51', '0'),
(52, '52', '0'),
(53, '53', '0'),
(54, '54', '0'),
(55, '55', '0'),
(56, '56', '0'),
(57, '57', '0'),
(58, '58', '0'),
(59, '59', '0'),
(60, '60', '0'),
(61, '61', '0'),
(62, '62', '0'),
(63, '63', '0'),
(64, '64', '0'),
(65, '65', '0'),
(66, '66', '0'),
(67, '67', '0'),
(68, '68', '0'),
(69, '69', '0'),
(70, '70', '0'),
(71, '71', '0'),
(72, '72', '0'),
(73, '73', '0'),
(74, '74', '0'),
(75, '75', '0'),
(76, '76', '0'),
(77, '77', '0'),
(78, '78', '0'),
(79, '79', '0'),
(80, '80', '0'),
(81, '81', '0'),
(82, '82', '0'),
(83, '83', '0'),
(84, '84', '0'),
(85, '85', '0'),
(86, '86', '0'),
(87, '87', '0'),
(88, '88', '0'),
(89, '89', '0'),
(90, '90', '0'),
(91, '91', '0'),
(92, '92', '0'),
(93, '93', '0'),
(94, '94', '0'),
(95, '95', '0'),
(96, '96', '0'),
(97, '97', '0'),
(98, '98', '0'),
(99, '99', '0'),
(100, '100', '0'),
(101, '101', '0'),
(102, '102', '0'),
(103, '103', '0'),
(104, '104', '0'),
(105, '105', '0'),
(106, '106', '0'),
(107, '107', '0'),
(108, '108', '0'),
(109, '109', '0'),
(110, '110', '0'),
(111, '111', '0'),
(112, '112', '0'),
(113, '113', '0'),
(114, '114', '0'),
(115, '115', '0'),
(116, '116', '0'),
(117, '117', '0'),
(118, '118', '0'),
(119, '119', '0'),
(120, '120', '0'),
(121, '121', '0'),
(122, '122', '0'),
(123, '123', '0'),
(124, '124', '0'),
(125, '125', '0'),
(126, '126', '0'),
(127, '127', '0'),
(128, '128', '0'),
(129, '129', '0'),
(130, '130', '0'),
(131, '131', '0'),
(132, '132', '0'),
(133, '133', '0'),
(134, '134', '0'),
(135, '135', '0'),
(136, '136', '0'),
(137, '137', '0'),
(138, '138', '0'),
(139, '139', '0'),
(140, '140', '0'),
(141, '141', '0'),
(142, '142', '0'),
(143, '143', '0'),
(144, '144', '0'),
(145, '145', '0'),
(146, '146', '0'),
(147, '147', '0'),
(148, '148', '0'),
(149, '149', '0'),
(150, '150', '0'),
(151, '151', '0'),
(152, '152', '0'),
(153, '153', '0'),
(154, '154', '0'),
(155, '155', '0'),
(156, '156', '0'),
(157, '157', '0'),
(158, '158', '0'),
(159, '159', '0'),
(160, '160', '0'),
(161, '161', '0'),
(162, '162', '0'),
(163, '163', '0'),
(164, '164', '0'),
(165, '165', '0'),
(166, '166', '0'),
(167, '167', '0'),
(168, '168', '0'),
(169, '169', '0'),
(170, '170', '0'),
(171, '171', '0'),
(172, '172', '0'),
(173, '173', '0'),
(174, '174', '0'),
(175, '175', '0'),
(176, '176', '0'),
(177, '177', '0'),
(178, '178', '0'),
(179, '179', '0'),
(180, '180', '0'),
(181, '181', '0'),
(182, '182', '0'),
(183, '183', '0'),
(184, '184', '0'),
(185, '185', '0'),
(186, '186', '0'),
(187, '187', '0'),
(188, '188', '0'),
(189, '189', '0'),
(190, '190', '0'),
(191, '191', '0'),
(192, '192', '0'),
(193, '193', '0'),
(194, '194', '0'),
(195, '195', '0'),
(196, '196', '0'),
(197, '197', '0'),
(198, '198', '0'),
(199, '199', '0'),
(200, '200', '0'),
(201, '201', '0'),
(202, '202', '0'),
(203, '203', '0'),
(204, '204', '0'),
(205, '205', '0'),
(206, '206', '0'),
(207, '207', '0'),
(208, '208', '0'),
(209, '209', '0'),
(210, '210', '0'),
(211, '211', '0'),
(212, '212', '0'),
(213, '213', '0'),
(214, '214', '0'),
(215, '215', '0'),
(216, '216', '0'),
(217, '217', '0'),
(218, '218', '0'),
(219, '219', '0'),
(220, '220', '0'),
(221, '221', '0'),
(222, '222', '0'),
(223, '223', '0'),
(224, '224', '0'),
(225, '225', '0'),
(226, '226', '0'),
(227, '227', '0'),
(228, '228', '0'),
(229, '229', '0'),
(230, '230', '0'),
(231, '231', '0'),
(232, '232', '0'),
(233, '233', '0'),
(234, '234', '0'),
(235, '235', '0'),
(236, '236', '0'),
(237, '237', '0'),
(238, '238', '0'),
(239, '239', '0'),
(240, '240', '0'),
(241, '241', '0'),
(242, '242', '0'),
(243, '243', '0'),
(244, '244', '0'),
(245, '245', '0'),
(246, '246', '0'),
(247, '247', '0'),
(248, '248', '0'),
(249, '249', '0'),
(250, '250', '0'),
(251, '251', '0'),
(252, '252', '0'),
(253, '253', '0'),
(254, '254', '0'),
(255, '255', '0'),
(256, '256', '0'),
(257, '257', '0'),
(258, '258', '0'),
(259, '259', '0'),
(260, '260', '0'),
(261, '261', '0'),
(262, '262', '0'),
(263, '263', '0'),
(264, '264', '0'),
(265, '265', '0'),
(266, '266', '0'),
(267, '267', '0'),
(268, '268', '0'),
(269, '269', '0'),
(270, '270', '0'),
(271, '271', '0'),
(272, '272', '0'),
(273, '273', '0'),
(274, '274', '0'),
(275, '275', '0'),
(276, '276', '0'),
(277, '277', '0'),
(278, '278', '0'),
(279, '279', '0'),
(280, '280', '0'),
(281, '281', '0'),
(282, '282', '0'),
(283, '283', '0'),
(284, '284', '0'),
(285, '285', '0'),
(286, '286', '0'),
(287, '287', '0'),
(288, '288', '0'),
(289, '289', '0'),
(290, '290', '0'),
(291, '291', '0'),
(292, '292', '0'),
(293, '293', '0'),
(294, '294', '0'),
(295, '295', '0'),
(296, '296', '0'),
(297, '297', '0'),
(298, '298', '0'),
(299, '299', '0'),
(300, '300', '0'),
(301, '301', '0'),
(302, '302', '0'),
(303, '303', '0'),
(304, '304', '0'),
(305, '305', '0'),
(306, '306', '0'),
(307, '307', '0'),
(308, '308', '0'),
(309, '309', '0'),
(310, '310', '0'),
(311, '311', '0'),
(312, '312', '0'),
(313, '313', '0'),
(314, '314', '0'),
(315, '315', '0'),
(316, '316', '0'),
(317, '317', '0'),
(318, '318', '0'),
(319, '319', '0'),
(320, '320', '0'),
(321, '321', '0'),
(322, '322', '0'),
(323, '323', '0'),
(324, '324', '0'),
(325, '325', '0'),
(326, '326', '0'),
(327, '327', '0'),
(328, '328', '0'),
(329, '329', '0'),
(330, '330', '0'),
(331, '331', '0'),
(332, '332', '0'),
(333, '333', '0'),
(334, '334', '0'),
(335, '335', '0'),
(336, '336', '0'),
(337, '337', '0'),
(338, '338', '0'),
(339, '339', '0'),
(340, '340', '0'),
(341, '341', '0'),
(342, '342', '0'),
(343, '343', '0'),
(344, '344', '0'),
(345, '345', '0'),
(346, '346', '0'),
(347, '347', '0'),
(348, '348', '0'),
(349, '349', '0'),
(350, '350', '0'),
(351, '351', '0'),
(352, '352', '0'),
(353, '353', '0'),
(354, '354', '0'),
(355, '355', '0'),
(356, '356', '0'),
(357, '357', '0'),
(358, '358', '0'),
(359, '359', '0'),
(360, '360', '0'),
(361, '361', '0'),
(362, '362', '0'),
(363, '363', '0'),
(364, '364', '0'),
(365, '365', '0'),
(366, '366', '0'),
(367, '367', '0'),
(368, '368', '0'),
(369, '369', '0'),
(370, '370', '0'),
(371, '371', '0'),
(372, '372', '0'),
(373, '373', '0'),
(374, '374', '0'),
(375, '375', '0'),
(376, '376', '0'),
(377, '377', '0'),
(378, '378', '0'),
(379, '379', '0'),
(380, '380', '0'),
(381, '381', '0'),
(382, '382', '0'),
(383, '383', '0'),
(384, '384', '0'),
(385, '385', '0'),
(386, '386', '0'),
(387, '387', '0'),
(388, '388', '0'),
(389, '389', '0'),
(390, '390', '0'),
(391, '391', '0'),
(392, '392', '0'),
(393, '393', '0'),
(394, '394', '0'),
(395, '395', '0'),
(396, '396', '0'),
(397, '397', '0'),
(398, '398', '0'),
(399, '399', '0'),
(400, '400', '0'),
(401, '401', '0'),
(402, '402', '0'),
(403, '403', '0'),
(404, '404', '0'),
(405, '405', '0'),
(406, '406', '0'),
(407, '407', '0'),
(408, '408', '0'),
(409, '409', '0'),
(410, '410', '0'),
(411, '411', '0'),
(412, '412', '0'),
(413, '413', '0'),
(414, '414', '0'),
(415, '415', '0'),
(416, '416', '0'),
(417, '417', '0'),
(418, '418', '0'),
(419, '419', '0'),
(420, '420', '0'),
(421, '421', '0'),
(422, '422', '0'),
(423, '423', '0'),
(424, '424', '0'),
(425, '425', '0'),
(426, '426', '0'),
(427, '427', '0'),
(428, '428', '0'),
(429, '429', '0'),
(430, '430', '0'),
(431, '431', '0'),
(432, '432', '0'),
(433, '433', '0'),
(434, '434', '0'),
(435, '435', '0'),
(436, '436', '0'),
(437, '437', '0'),
(438, '438', '0'),
(439, '439', '0'),
(440, '440', '0'),
(441, '441', '0'),
(442, '442', '0'),
(443, '443', '0'),
(444, '444', '0'),
(445, '445', '0'),
(446, '446', '0'),
(447, '447', '0'),
(448, '448', '0'),
(449, '449', '0'),
(450, '450', '0'),
(451, '451', '0'),
(452, '452', '0'),
(453, '453', '0'),
(454, '454', '0'),
(455, '455', '0'),
(456, '456', '0'),
(457, '457', '0'),
(458, '458', '0'),
(459, '459', '0'),
(460, '460', '0'),
(461, '461', '0'),
(462, '462', '0'),
(463, '463', '0'),
(464, '464', '0'),
(465, '465', '0'),
(466, '466', '0'),
(467, '467', '0'),
(468, '468', '0'),
(469, '469', '0'),
(470, '470', '0'),
(471, '471', '0'),
(472, '472', '0'),
(473, '473', '0'),
(474, '474', '0'),
(475, '475', '0'),
(476, '476', '0'),
(477, '477', '0'),
(478, '478', '0'),
(479, '479', '0'),
(480, '480', '0'),
(481, '481', '0'),
(482, '482', '0'),
(483, '483', '0'),
(484, '484', '0'),
(485, '485', '0'),
(486, '486', '0'),
(487, '487', '0'),
(488, '488', '0'),
(489, '489', '0'),
(490, '490', '0'),
(491, '491', '0'),
(492, '492', '0'),
(493, '493', '0'),
(494, '494', '0'),
(495, '495', '0'),
(496, '496', '0'),
(497, '497', '0'),
(498, '498', '0'),
(499, '499', '0'),
(500, '500', '0'),
(501, '501', '0'),
(502, '502', '0'),
(503, '503', '0'),
(504, '504', '0'),
(505, '505', '0'),
(506, '506', '0'),
(507, '507', '0'),
(508, '508', '0'),
(509, '509', '0'),
(510, '510', '0'),
(511, '511', '0'),
(512, '512', '0'),
(513, '513', '0'),
(514, '514', '0'),
(515, '515', '0'),
(516, '516', '0'),
(517, '517', '0'),
(518, '518', '0'),
(519, '519', '0'),
(520, '520', '0'),
(521, '521', '0'),
(522, '522', '0'),
(523, '523', '0'),
(524, '524', '0'),
(525, '525', '0'),
(526, '526', '0'),
(527, '527', '0'),
(528, '528', '0'),
(529, '529', '0'),
(530, '530', '0'),
(531, '531', '0'),
(532, '532', '0'),
(533, '533', '0'),
(534, '534', '0'),
(535, '535', '0'),
(536, '536', '0'),
(537, '537', '0'),
(538, '538', '0'),
(539, '539', '0'),
(540, '540', '0'),
(541, '541', '0'),
(542, '542', '0'),
(543, '543', '0'),
(544, '544', '0'),
(545, '545', '0'),
(546, '546', '0'),
(547, '547', '0'),
(548, '548', '0'),
(549, '549', '0'),
(550, '550', '0'),
(551, '551', '0'),
(552, '552', '0'),
(553, '553', '0'),
(554, '554', '0'),
(555, '555', '0'),
(556, '556', '0'),
(557, '557', '0'),
(558, '558', '0'),
(559, '559', '0'),
(560, '560', '0'),
(561, '561', '0'),
(562, '562', '0'),
(563, '563', '0'),
(564, '564', '0'),
(565, '565', '0'),
(566, '566', '0'),
(567, '567', '0'),
(568, '568', '0'),
(569, '569', '0'),
(570, '570', '0'),
(571, '571', '0'),
(572, '572', '0'),
(573, '573', '0'),
(574, '574', '0'),
(575, '575', '0'),
(576, '576', '0'),
(577, '577', '0'),
(578, '578', '0'),
(579, '579', '0'),
(580, '580', '0'),
(581, '581', '0'),
(582, '582', '0'),
(583, '583', '0'),
(584, '584', '0'),
(585, '585', '0'),
(586, '586', '0'),
(587, '587', '0'),
(588, '588', '0'),
(589, '589', '0'),
(590, '590', '0'),
(591, '591', '0'),
(592, '592', '0'),
(593, '593', '0'),
(594, '594', '0'),
(595, '595', '0'),
(596, '596', '0'),
(597, '597', '0'),
(598, '598', '0'),
(599, '599', '0'),
(600, '600', '0'),
(601, '601', '0'),
(602, '602', '0'),
(603, '603', '0'),
(604, '604', '0'),
(605, '605', '0'),
(606, '606', '0'),
(607, '607', '0'),
(608, '608', '0'),
(609, '609', '0'),
(610, '610', '0'),
(611, '611', '0'),
(612, '612', '0'),
(613, '613', '0'),
(614, '614', '0'),
(615, '615', '0'),
(616, '616', '0'),
(617, '617', '0'),
(618, '618', '0'),
(619, '619', '0'),
(620, '620', '0'),
(621, '621', '0'),
(622, '622', '0'),
(623, '623', '0'),
(624, '624', '0'),
(625, '625', '0'),
(626, '626', '0'),
(627, '627', '0'),
(628, '628', '0'),
(629, '629', '0'),
(630, '630', '0'),
(631, '631', '0'),
(632, '632', '0'),
(633, '633', '0'),
(634, '634', '0'),
(635, '635', '0'),
(636, '636', '0'),
(637, '637', '0'),
(638, '638', '0'),
(639, '639', '0'),
(640, '640', '0'),
(641, '641', '0'),
(642, '642', '0'),
(643, '643', '0'),
(644, '644', '0'),
(645, '645', '0'),
(646, '646', '0'),
(647, '647', '0'),
(648, '648', '0'),
(649, '649', '0'),
(650, '650', '0'),
(651, '651', '0'),
(652, '652', '0'),
(653, '653', '0'),
(654, '654', '0'),
(655, '655', '0'),
(656, '656', '0'),
(657, '657', '0'),
(658, '658', '0'),
(659, '659', '0'),
(660, '660', '0'),
(661, '661', '0'),
(662, '662', '0'),
(663, '663', '0'),
(664, '664', '0'),
(665, '665', '0'),
(666, '666', '0'),
(667, '667', '0'),
(668, '668', '0'),
(669, '669', '0'),
(670, '670', '0'),
(671, '671', '0'),
(672, '672', '0'),
(673, '673', '0'),
(674, '674', '0'),
(675, '675', '0'),
(676, '676', '0'),
(677, '677', '0'),
(678, '678', '0'),
(679, '679', '0'),
(680, '680', '0'),
(681, '681', '0'),
(682, '682', '0'),
(683, '683', '0'),
(684, '684', '0'),
(685, '685', '0'),
(686, '686', '0'),
(687, '687', '0'),
(688, '688', '0'),
(689, '689', '0'),
(690, '690', '0'),
(691, '691', '0'),
(692, '692', '0'),
(693, '693', '0'),
(694, '694', '0'),
(695, '695', '0'),
(696, '696', '0'),
(697, '697', '0'),
(698, '698', '0'),
(699, '699', '0'),
(700, '700', '0'),
(701, '701', '0'),
(702, '702', '0'),
(703, '703', '0'),
(704, '704', '0'),
(705, '705', '0'),
(706, '706', '0'),
(707, '707', '0'),
(708, '708', '0'),
(709, '709', '0'),
(710, '710', '0'),
(711, '711', '0'),
(712, '712', '0'),
(713, '713', '0'),
(714, '714', '0'),
(715, '715', '0'),
(716, '716', '0'),
(717, '717', '0'),
(718, '718', '0'),
(719, '719', '0'),
(720, '720', '0'),
(721, '721', '0'),
(722, '722', '0'),
(723, '723', '0'),
(724, '724', '0'),
(725, '725', '0'),
(726, '726', '0'),
(727, '727', '0'),
(728, '728', '0'),
(729, '729', '0'),
(730, '730', '0'),
(731, '731', '0'),
(732, '732', '0'),
(733, '733', '0'),
(734, '734', '0'),
(735, '735', '0'),
(736, '736', '0'),
(737, '737', '0'),
(738, '738', '0'),
(739, '739', '0'),
(740, '740', '0'),
(741, '741', '0'),
(742, '742', '0'),
(743, '743', '0'),
(744, '744', '0'),
(745, '745', '0'),
(746, '746', '0'),
(747, '747', '0'),
(748, '748', '0'),
(749, '749', '0'),
(750, '750', '0'),
(751, '751', '0'),
(752, '752', '0'),
(753, '753', '0'),
(754, '754', '0'),
(755, '755', '0'),
(756, '756', '0'),
(757, '757', '0'),
(758, '758', '0'),
(759, '759', '0'),
(760, '760', '0'),
(761, '761', '0'),
(762, '762', '0'),
(763, '763', '0'),
(764, '764', '0'),
(765, '765', '0'),
(766, '766', '0'),
(767, '767', '0'),
(768, '768', '0'),
(769, '769', '0'),
(770, '770', '0'),
(771, '771', '0'),
(772, '772', '0'),
(773, '773', '0'),
(774, '774', '0'),
(775, '775', '0'),
(776, '776', '0'),
(777, '777', '0'),
(778, '778', '0'),
(779, '779', '0'),
(780, '780', '0'),
(781, '781', '0'),
(782, '782', '0'),
(783, '783', '0'),
(784, '784', '0'),
(785, '785', '0'),
(786, '786', '0'),
(787, '787', '0'),
(788, '788', '0'),
(789, '789', '0'),
(790, '790', '0'),
(791, '791', '0'),
(792, '792', '0'),
(793, '793', '0'),
(794, '794', '0'),
(795, '795', '0'),
(796, '796', '0'),
(797, '797', '0'),
(798, '798', '0'),
(799, '799', '0'),
(800, '800', '0'),
(801, '801', '0'),
(802, '802', '0'),
(803, '803', '0'),
(804, '804', '0'),
(805, '805', '0'),
(806, '806', '0'),
(807, '807', '0'),
(808, '808', '0'),
(809, '809', '0'),
(810, '810', '0'),
(811, '811', '0'),
(812, '812', '0'),
(813, '813', '0'),
(814, '814', '0'),
(815, '815', '0'),
(816, '816', '0'),
(817, '817', '0'),
(818, '818', '0'),
(819, '819', '0'),
(820, '820', '0'),
(821, '821', '0'),
(822, '822', '0'),
(823, '823', '0'),
(824, '824', '0'),
(825, '825', '0'),
(826, '826', '0'),
(827, '827', '0'),
(828, '828', '0'),
(829, '829', '0'),
(830, '830', '0'),
(831, '831', '0'),
(832, '832', '0'),
(833, '833', '0'),
(834, '834', '0'),
(835, '835', '0'),
(836, '836', '0'),
(837, '837', '0'),
(838, '838', '0'),
(839, '839', '0'),
(840, '840', '0'),
(841, '841', '0'),
(842, '842', '0'),
(843, '843', '0'),
(844, '844', '0'),
(845, '845', '0'),
(846, '846', '0'),
(847, '847', '0'),
(848, '848', '0'),
(849, '849', '0'),
(850, '850', '0'),
(851, '851', '0'),
(852, '852', '0'),
(853, '853', '0'),
(854, '854', '0'),
(855, '855', '0'),
(856, '856', '0'),
(857, '857', '0'),
(858, '858', '0'),
(859, '859', '0'),
(860, '860', '0'),
(861, '861', '0'),
(862, '862', '0'),
(863, '863', '0'),
(864, '864', '0'),
(865, '865', '0'),
(866, '866', '0'),
(867, '867', '0'),
(868, '868', '0'),
(869, '869', '0'),
(870, '870', '0'),
(871, '871', '0'),
(872, '872', '0'),
(873, '873', '0'),
(874, '874', '0'),
(875, '875', '0'),
(876, '876', '0'),
(877, '877', '0'),
(878, '878', '0'),
(879, '879', '0'),
(880, '880', '0'),
(881, '881', '0'),
(882, '882', '0'),
(883, '883', '0'),
(884, '884', '0'),
(885, '885', '0'),
(886, '886', '0'),
(887, '887', '0'),
(888, '888', '0'),
(889, '889', '0'),
(890, '890', '0'),
(891, '891', '0'),
(892, '892', '0'),
(893, '893', '0'),
(894, '894', '0'),
(895, '895', '0'),
(896, '896', '0'),
(897, '897', '0'),
(898, '898', '0'),
(899, '899', '0'),
(900, '900', '0'),
(901, '901', '0'),
(902, '902', '0'),
(903, '903', '0'),
(904, '904', '0'),
(905, '905', '0'),
(906, '906', '0'),
(907, '907', '0'),
(908, '908', '0'),
(909, '909', '0'),
(910, '910', '0'),
(911, '911', '0'),
(912, '912', '0'),
(913, '913', '0'),
(914, '914', '0'),
(915, '915', '0'),
(916, '916', '0'),
(917, '917', '0'),
(918, '918', '0'),
(919, '919', '0'),
(920, '920', '0'),
(921, '921', '0'),
(922, '922', '0'),
(923, '923', '0'),
(924, '924', '0'),
(925, '925', '0'),
(926, '926', '0'),
(927, '927', '0'),
(928, '928', '0'),
(929, '929', '0'),
(930, '930', '0'),
(931, '931', '0'),
(932, '932', '0'),
(933, '933', '0'),
(934, '934', '0'),
(935, '935', '0'),
(936, '936', '0'),
(937, '937', '0'),
(938, '938', '0'),
(939, '939', '0'),
(940, '940', '0'),
(941, '941', '0'),
(942, '942', '0'),
(943, '943', '0'),
(944, '944', '0'),
(945, '945', '0'),
(946, '946', '0'),
(947, '947', '0'),
(948, '948', '0'),
(949, '949', '0'),
(950, '950', '0'),
(951, '951', '0'),
(952, '952', '0'),
(953, '953', '0'),
(954, '954', '0'),
(955, '955', '0'),
(956, '956', '0'),
(957, '957', '0'),
(958, '958', '0'),
(959, '959', '0'),
(960, '960', '0'),
(961, '961', '0'),
(962, '962', '0'),
(963, '963', '0'),
(964, '964', '0'),
(965, '965', '0'),
(966, '966', '0'),
(967, '967', '0'),
(968, '968', '0'),
(969, '969', '0'),
(970, '970', '0'),
(971, '971', '0'),
(972, '972', '0'),
(973, '973', '0'),
(974, '974', '0'),
(975, '975', '0'),
(976, '976', '0'),
(977, '977', '0'),
(978, '978', '0'),
(979, '979', '0'),
(980, '980', '0'),
(981, '981', '0'),
(982, '982', '0'),
(983, '983', '0'),
(984, '984', '0'),
(985, '985', '0'),
(986, '986', '0'),
(987, '987', '0'),
(988, '988', '0'),
(989, '989', '0'),
(990, '990', '0'),
(991, '991', '0'),
(992, '992', '0'),
(993, '993', '0'),
(994, '994', '0'),
(995, '995', '0'),
(996, '996', '0'),
(997, '997', '0'),
(998, '998', '0'),
(999, '999', '0');

-- --------------------------------------------------------

--
-- Estrutura da tabela `fornecedores`
--

CREATE TABLE `fornecedores` (
  `id_fornecedor` int(11) NOT NULL,
  `razao_social` varchar(100) NOT NULL,
  `endereco` varchar(100) NOT NULL,
  `email_for` varchar(100) NOT NULL,
  `telefone` varchar(100) NOT NULL,
  `cnpj_for` varchar(100) NOT NULL
) ENGINE=InnoDB DEFAULT CHARSET=utf8;

--
-- Extraindo dados da tabela `fornecedores`
--

INSERT INTO `fornecedores` (`id_fornecedor`, `razao_social`, `endereco`, `email_for`, `telefone`, `cnpj_for`) VALUES
(5, 'DADADASASD', 'DASDASDA', 'ASDADASD', 'ADASD', 'ASDAD');

-- --------------------------------------------------------

--
-- Estrutura da tabela `lojas`
--

CREATE TABLE `lojas` (
  `id_loja` int(11) NOT NULL,
  `id_usuario` int(11) NOT NULL,
  `tipo_loja` varchar(100) NOT NULL,
  `cdatendimento` varchar(100) NOT NULL,
  `numero_loja` int(3) NOT NULL,
  `cidade` varchar(100) NOT NULL,
  `email` varchar(100) NOT NULL,
  `cnpj` varchar(100) NOT NULL
) ENGINE=InnoDB DEFAULT CHARSET=utf8;

--
-- Extraindo dados da tabela `lojas`
--

INSERT INTO `lojas` (`id_loja`, `id_usuario`, `tipo_loja`, `cdatendimento`, `numero_loja`, `cidade`, `email`, `cnpj`) VALUES
(10, 12, 'Loja', 'DEP-111', 1, 'CERRO LARGO', 'ger01@elojasbecker.com.br', '04.415.928/0001-98'),
(11, 13, 'Loja', 'DEP-111', 2, 'SALVADOR DAS MISSÕES', 'ger02@elojasbecker.com.br', '04.415.928.0002-79'),
(12, 13, 'Loja', 'DEP-111', 3, 'ROQUE GONZALES', 'ger03@elojasbecker.com.br', '04.415.928/0003-50'),
(13, 12, 'Loja', 'DEP-111', 101, 'ADMINISTRATIVO', '', '04.415.928/0101-XX'),
(14, 21, 'Loja', 'DEP-111', 4, 'SÃO PAULO DAS MISSÕES', 'ger04@elojasbecker.com.br	', '04.415.928/0004-30');

-- --------------------------------------------------------

--
-- Estrutura da tabela `notas_fiscais`
--

CREATE TABLE `notas_fiscais` (
  `id_nota` int(11) NOT NULL,
  `id_produto` int(11) NOT NULL,
  `id_fornecedor` int(11) NOT NULL,
  `numero_nota` int(11) NOT NULL,
  `quantidade` int(11) NOT NULL,
  `preco` float NOT NULL,
  `dataentrada` date NOT NULL
) ENGINE=InnoDB DEFAULT CHARSET=utf8;

-- --------------------------------------------------------

--
-- Estrutura da tabela `ordens`
--

CREATE TABLE `ordens` (
  `id_ordem` int(11) NOT NULL,
  `id_cliente` varchar(100) NOT NULL,
  `id_produto` varchar(100) NOT NULL,
  `id_usuario` varchar(100) NOT NULL,
  `observacao` varchar(100) NOT NULL,
  `prazo` varchar(100) NOT NULL,
  `status` varchar(100) NOT NULL,
  `dataabertura` date NOT NULL
) ENGINE=InnoDB DEFAULT CHARSET=utf8mb4;

-- --------------------------------------------------------

--
-- Estrutura da tabela `produtos`
--

CREATE TABLE `produtos` (
  `id_produto` int(11) NOT NULL,
  `id_categoria` int(11) NOT NULL,
  `id_usuario` int(11) NOT NULL,
  `descricao` varchar(100) NOT NULL,
  `quantidade` int(11) NOT NULL,
  `preco` float NOT NULL,
  `codigo_protheus` int(11) NOT NULL
) ENGINE=InnoDB DEFAULT CHARSET=utf8;

--
-- Extraindo dados da tabela `produtos`
--

INSERT INTO `produtos` (`id_produto`, `id_categoria`, `id_usuario`, `descricao`, `quantidade`, `preco`, `codigo_protheus`) VALUES
(12, 8, 12, 'NOTEBOOK ACER i3', 25, 0, 0),
(13, 8, 12, 'NOTEBOOK ACER i5', 0, 0, 0),
(14, 8, 12, 'NOTEBOOK ACER i7', 0, 0, 0),
(15, 8, 12, 'NOTEBOOK CELERON', 0, 0, 0),
(16, 8, 12, 'NOTEBOOK AMD', 0, 0, 0),
(17, 9, 12, 'MONITOR ACER V206HQL', 0, 0, 8114242),
(18, 9, 12, 'MONITOR TUBO', 0, 0, 0),
(19, 10, 12, 'BATERIA 5A', 0, 0, 8036004),
(20, 10, 12, 'BATERIA 7A', 0, 0, 8042152),
(21, 10, 12, 'PILHA PLACA MÃE', 0, 0, 8041938),
(22, 13, 12, 'PINPAD PPC 930 / 920 / 910', 0, 0, 8033595),
(24, 14, 12, 'RJ 11', 0, 0, 8110506),
(25, 14, 12, 'RJ 45', 0, 0, 8036500),
(26, 12, 12, 'S11 - BONECO/ESC. P/ CIMA DIR. ', 0, 0, 0),
(27, 12, 12, 'S8 - BONECO/ESC. P/BAIXO DIR.', 0, 0, 0),
(28, 12, 12, 'S12 - SAÍDA', 0, 0, 0),
(29, 12, 12, 'S9 - BONECO/ESC. P/ BAIXO ESQ.', 0, 0, 0),
(30, 12, 12, 'S1 - BONECO SETA P/ DIREITA', 0, 0, 0),
(31, 12, 12, 'S10 - BONECO/ESC. P/ CIMA ESQ.', 0, 0, 0),
(32, 12, 12, 'E5 - EXTINTOR', 0, 0, 0),
(33, 26, 12, 'TECLADO USB', 0, 0, 8033757),
(34, 26, 12, 'TECLADO PS2', 0, 0, 8033676),
(35, 26, 12, 'TECLADO ALARME', 0, 0, 8118159),
(36, 19, 12, 'SSD 120GB', 0, 0, 8119120),
(38, 19, 12, 'SSD M2', 0, 0, 8120722),
(39, 23, 12, 'CENTRAL TELEFONICA', 0, 0, 8112541),
(40, 23, 12, 'CENTRAL DE ALARME', 0, 0, 8030499),
(41, 24, 12, 'CABO DE REDE AZUL', 0, 0, 8032432),
(42, 24, 12, 'CABO DE REDE BRANCO', 0, 0, 8119473),
(43, 24, 12, 'CABO DE REDE CINZA', 0, 0, 8119554),
(44, 24, 12, 'CABO DE REDE PRETO', 0, 0, 8120641),
(45, 24, 12, 'CABO HDMI', 0, 0, 0),
(46, 30, 12, 'SWITCH 8P', 0, 0, 8041423),
(47, 30, 12, 'SWITCH 16P', 0, 0, 8041342),
(48, 30, 12, 'SWITCH 24P', 0, 0, 8041776),
(49, 33, 12, 'EVEREX i3', 0, 0, 0),
(50, 33, 12, 'THINCLIENT', 0, 0, 0),
(51, 33, 12, 'SUPERA', 0, 0, 8118310),
(52, 31, 12, 'RACK 19\" 12U', 0, 0, 0),
(53, 22, 12, 'NOBREAK 1200', 0, 0, 8040370),
(54, 22, 12, 'NOBREAK 600', 0, 0, 8044520),
(55, 21, 12, 'ESTABILIZADOR', 0, 0, 8044600),
(56, 29, 12, 'TEL. INTELBRAS TIP 100', 0, 0, 8032270),
(57, 29, 12, 'TEL. INTELBRAS TIP 125', 0, 0, 8032270),
(58, 29, 12, 'TEL. PANAS. KX-HDV130', 0, 0, 8112541),
(59, 18, 12, 'LASER HP 400', 0, 0, 8112622),
(60, 18, 12, 'LASER HP 402', 0, 0, 8112622),
(61, 18, 12, 'LASERSCAN HP 426', 0, 0, 8039364),
(62, 18, 12, 'LASER HP 404', 0, 0, 8112622),
(63, 18, 12, 'TICKET', 0, 0, 8038635),
(64, 18, 12, 'TICKET FISCAL', 0, 0, 0),
(65, 11, 12, 'TONER 400 / 2035', 0, 0, 8031207),
(67, 11, 12, 'TONER 1536 / 283A', 0, 0, 8116610),
(68, 11, 12, 'TONER 1022 / 218A', 0, 0, 8033242),
(69, 25, 12, 'SUPORTE SENSOR', 0, 0, 8041857),
(70, 35, 12, 'ROSTOFF', 0, 0, 8034214),
(71, 15, 12, 'ROLO PRESSÃO 402', 0, 0, 8031703),
(72, 15, 12, 'ROLO PRESSÃO 2035', 0, 0, 8115567),
(73, 15, 12, 'ROLO PCR 1536 / 402', 0, 0, 8032785),
(74, 15, 12, 'ROLO PCR 1022 / 2035', 0, 0, 8033404),
(75, 15, 12, 'ROLO MAG 1536', 0, 0, 8032866),
(76, 15, 12, 'ROLO MAG 2035', 0, 0, 8033161),
(77, 15, 12, 'ROLO MAG 1022', 0, 0, 8033323),
(78, 15, 12, 'PÓ TONER', 0, 0, 8030812),
(79, 15, 12, 'PELICULA FUSOR 1005', 0, 0, 8031894),
(80, 32, 12, 'PLACA REDE WIRELESS', 0, 0, 8112037),
(81, 32, 12, 'PLACA REDE', 0, 0, 8039879),
(82, 32, 12, 'PLACA RAMAL', 0, 0, 8120307),
(83, 32, 12, 'PLACA MÃE', 0, 0, 8035458),
(84, 32, 12, 'PROCESSADOR', 0, 0, 8112380),
(85, 28, 12, 'MOUSE USB', 0, 0, 8038201),
(86, 16, 12, 'GERENTE', 0, 0, 0),
(87, 16, 12, 'VENDAS', 0, 0, 0),
(88, 16, 12, 'ESTOQUE', 0, 0, 0),
(89, 16, 12, 'CREDIARIO ', 0, 0, 0),
(90, 16, 12, 'CREDIARIO 01', 0, 0, 0),
(91, 16, 12, 'CAIXA 02', 0, 0, 0),
(92, 16, 12, 'ASSISTÊNCIA', 0, 0, 0),
(93, 17, 12, 'MEMORIA DDR4 NOTEBOOK', 0, 0, 8120994),
(94, 17, 12, 'MEMORIA DDR3', 0, 0, 8041504),
(95, 35, 12, 'LIMPA CONTATO', 0, 0, 8034133),
(96, 15, 12, 'LAMINA TONER', 0, 0, 0),
(97, 36, 12, 'HUB USB', 0, 0, 8117349),
(98, 19, 12, 'HD 2TB', 0, 0, 8118663),
(99, 15, 12, 'GRAXA PELÍCULA', 0, 0, 8116962),
(100, 20, 12, 'FONTE ATX', 0, 0, 8111308),
(101, 20, 12, 'FONTE 12V', 0, 0, 8110336),
(102, 36, 12, 'FONE OUVIDO CREPUSCULAR', 0, 0, 8045259),
(103, 35, 12, 'FITA DUPLA FACE', 0, 0, 8034648),
(104, 34, 12, 'COOLER', 0, 0, 0),
(105, 15, 12, 'CILINDRO 402', 0, 0, 8119635),
(106, 15, 12, 'CILINDRO 1536', 0, 0, 8030901),
(107, 15, 12, 'CILINDRO 2035', 0, 0, 8037230),
(108, 15, 12, 'CILINDRO 1022', 0, 0, 8035881),
(109, 24, 12, 'CABO USB', 0, 0, 0),
(110, 24, 12, 'CABO VIDEO', 0, 0, 0),
(111, 36, 12, 'CALCULADORA', 0, 0, 0),
(112, 23, 12, 'CENTRAL DE INCÊNDIO', 0, 0, 8119805),
(113, 24, 12, 'CABO ALARME 10 VIAS', 0, 0, 0),
(114, 24, 12, 'CABO ALARME 4 VIAS', 0, 0, 0),
(115, 23, 12, 'ATA', 0, 0, 8120480),
(116, 25, 12, 'SENSOR ALARME', 0, 0, 8030308),
(117, 37, 12, 'EXTINTOR 4KG ABC', 0, 0, 0),
(118, 31, 12, 'REGUA 8 TOMADAS', 0, 0, 0),
(119, 24, 12, 'SPIRAL TUBE', 0, 0, 0),
(120, 10, 12, 'BATERIA 12V 1.3A', 0, 0, 0),
(121, 38, 12, 'SIRENE', 0, 0, 8030146),
(122, 31, 12, 'KIT PARAFUSOS RACK', 0, 0, 0),
(123, 31, 12, 'BANDEJA PEQUENA RACK', 0, 0, 0),
(124, 31, 12, 'BANDEJA GRANDE RACK', 0, 0, 0),
(125, 11, 12, 'TONER 404', 0, 0, 8121028),
(126, 11, 12, 'TONER COLORIDO', 0, 0, 0),
(127, 35, 12, 'FITA ETIQUETADORA', 0, 0, 0),
(128, 18, 21, 'LASER 1536', 0, 0, 0),
(129, 11, 21, 'TONER 402', 0, 0, 8032009),
(130, 11, 21, 'TONER 404', 0, 0, 8121028),
(131, 11, 21, 'TONER 37A', 0, 0, 8116539),
(132, 38, 21, 'BOTOEIRA / DETECTOR DE FUMAÇA', 0, 0, 8119716),
(133, 36, 21, 'CMC/C7 - LEITORA DE CHEQUE', 0, 0, 8115486),
(134, 38, 21, 'CONTROLE XAC 2000 TX', 0, 0, 8043639),
(135, 11, 21, 'FILTRO MÁQUINA DE TONER', 0, 0, 8118230),
(136, 36, 21, 'FONTE NOTEBOOK', 0, 0, 8116105),
(137, 34, 21, 'GABINETE SERVIDOR', 0, 0, 8119392),
(138, 19, 21, 'HD 500GB/1 TERA', 0, 0, 8110417),
(139, 11, 21, 'PHOTOCONDUTOR CF219A', 0, 0, 8120560),
(140, 36, 21, 'PLACA SERIAL', 0, 0, 8046654),
(141, 38, 21, 'RECEPTOR XAR 2000', 0, 0, 8043558),
(142, 11, 21, 'ROLO PRESSÃO 1022 / 1536', 0, 0, 8031975),
(143, 38, 21, 'SENSOR DS-420', 0, 0, 8118825),
(144, 38, 21, 'SENSOR IRP-310I', 0, 0, 8118906),
(145, 38, 21, 'SENSOR PET IVP 3000', 0, 0, 8117187),
(146, 38, 21, 'SENSOR PET DS-410', 0, 0, 8118744),
(147, 11, 21, 'ROLO PRESSÃO 1022 / 1536', 0, 0, 8031975),
(148, 11, 21, 'TONER 402', 0, 0, 8032009);

-- --------------------------------------------------------

--
-- Estrutura da tabela `saidas`
--

CREATE TABLE `saidas` (
  `id_saida` int(11) NOT NULL,
  `id_loja` int(11) NOT NULL,
  `id_usuario` int(11) NOT NULL,
  `id_produto` int(11) NOT NULL,
  `quantidade` int(11) NOT NULL,
  `datasaida` date NOT NULL
) ENGINE=InnoDB DEFAULT CHARSET=utf8;

-- --------------------------------------------------------

--
-- Estrutura da tabela `servicos`
--

CREATE TABLE `servicos` (
  `id_servico` int(11) NOT NULL,
  `tecnico` varchar(100) NOT NULL,
  `id_loja` int(11) NOT NULL,
  `datainicio` date NOT NULL,
  `datafim` date NOT NULL,
  `observacao` varchar(500) NOT NULL
) ENGINE=InnoDB DEFAULT CHARSET=utf8mb4;

-- --------------------------------------------------------

--
-- Estrutura da tabela `usuarios`
--

CREATE TABLE `usuarios` (
  `id` int(11) NOT NULL,
  `nome` varchar(100) NOT NULL,
  `user` varchar(100) NOT NULL,
  `email` varchar(100) NOT NULL,
  `senha` varchar(100) NOT NULL,
  `funcao` varchar(100) NOT NULL,
  `datacaptura` date NOT NULL
) ENGINE=InnoDB DEFAULT CHARSET=utf8;

--
-- Extraindo dados da tabela `usuarios`
--

INSERT INTO `usuarios` (`id`, `nome`, `user`, `email`, `senha`, `funcao`, `datacaptura`) VALUES
(21, 'Daniel da Silva Eich', 'daniel.eich', 'daniel.eich@lojasbecker.com', '3d0f3b9ddcacec30c4008c5e030e6c13a478cb4f', 'ROOT', '2021-09-28'),
(22, 'Gabriel Blum', 'gabriel.blum', 'gabriel.blum@lojasbecker.com', '18a98c35f49808b45edadc75fb1b25ebfd4037d6', 'Administrador', '2021-09-28'),
(24, 'Super Administrador', 'Super Admin', 'root', '3dec446c46e5f640bfed9c5d27eed00ad6835f0b', 'ROOT', '2021-09-30'),
(25, 'Eduardo Garcia', 'eduardo.garcia', 'eduardo.garcia@lojasbecker.com', 'd6953d6473b927497763d22b89df4c38133d263a', 'Técnico I', '2021-09-30'),
(26, 'teste', 'teste', 'teste', '2e6f9b0d5885b6010f9167787445617f553a735f', 'Técnico I', '2022-02-07');

--
-- Índices para tabelas despejadas
--

--
-- Índices para tabela `categorias`
--
ALTER TABLE `categorias`
  ADD PRIMARY KEY (`id_categoria`);

--
-- Índices para tabela `compras`
--
ALTER TABLE `compras`
  ADD PRIMARY KEY (`id_compra`);

--
-- Índices para tabela `entradas`
--
ALTER TABLE `entradas`
  ADD PRIMARY KEY (`id_entrada`);

--
-- Índices para tabela `estoque_produto`
--
ALTER TABLE `estoque_produto`
  ADD PRIMARY KEY (`id`);

--
-- Índices para tabela `fornecedores`
--
ALTER TABLE `fornecedores`
  ADD PRIMARY KEY (`id_fornecedor`);

--
-- Índices para tabela `lojas`
--
ALTER TABLE `lojas`
  ADD PRIMARY KEY (`id_loja`);

--
-- Índices para tabela `notas_fiscais`
--
ALTER TABLE `notas_fiscais`
  ADD PRIMARY KEY (`id_nota`);

--
-- Índices para tabela `ordens`
--
ALTER TABLE `ordens`
  ADD PRIMARY KEY (`id_ordem`);

--
-- Índices para tabela `produtos`
--
ALTER TABLE `produtos`
  ADD PRIMARY KEY (`id_produto`);

--
-- Índices para tabela `servicos`
--
ALTER TABLE `servicos`
  ADD PRIMARY KEY (`id_servico`);

--
-- Índices para tabela `usuarios`
--
ALTER TABLE `usuarios`
  ADD PRIMARY KEY (`id`);

--
-- AUTO_INCREMENT de tabelas despejadas
--

--
-- AUTO_INCREMENT de tabela `categorias`
--
ALTER TABLE `categorias`
  MODIFY `id_categoria` int(11) NOT NULL AUTO_INCREMENT, AUTO_INCREMENT=39;

--
-- AUTO_INCREMENT de tabela `compras`
--
ALTER TABLE `compras`
  MODIFY `id_compra` int(11) NOT NULL AUTO_INCREMENT, AUTO_INCREMENT=42;

--
-- AUTO_INCREMENT de tabela `entradas`
--
ALTER TABLE `entradas`
  MODIFY `id_entrada` int(11) NOT NULL AUTO_INCREMENT, AUTO_INCREMENT=19;

--
-- AUTO_INCREMENT de tabela `estoque_produto`
--
ALTER TABLE `estoque_produto`
  MODIFY `id` int(11) NOT NULL AUTO_INCREMENT, AUTO_INCREMENT=1002;

--
-- AUTO_INCREMENT de tabela `fornecedores`
--
ALTER TABLE `fornecedores`
  MODIFY `id_fornecedor` int(11) NOT NULL AUTO_INCREMENT, AUTO_INCREMENT=6;

--
-- AUTO_INCREMENT de tabela `lojas`
--
ALTER TABLE `lojas`
  MODIFY `id_loja` int(11) NOT NULL AUTO_INCREMENT, AUTO_INCREMENT=15;

--
-- AUTO_INCREMENT de tabela `notas_fiscais`
--
ALTER TABLE `notas_fiscais`
  MODIFY `id_nota` int(11) NOT NULL AUTO_INCREMENT, AUTO_INCREMENT=37;

--
-- AUTO_INCREMENT de tabela `ordens`
--
ALTER TABLE `ordens`
  MODIFY `id_ordem` int(11) NOT NULL AUTO_INCREMENT, AUTO_INCREMENT=48;

--
-- AUTO_INCREMENT de tabela `produtos`
--
ALTER TABLE `produtos`
  MODIFY `id_produto` int(11) NOT NULL AUTO_INCREMENT, AUTO_INCREMENT=149;

--
-- AUTO_INCREMENT de tabela `servicos`
--
ALTER TABLE `servicos`
  MODIFY `id_servico` int(11) NOT NULL AUTO_INCREMENT, AUTO_INCREMENT=12;

--
-- AUTO_INCREMENT de tabela `usuarios`
--
ALTER TABLE `usuarios`
  MODIFY `id` int(11) NOT NULL AUTO_INCREMENT, AUTO_INCREMENT=27;
COMMIT;

/*!40101 SET CHARACTER_SET_CLIENT=@OLD_CHARACTER_SET_CLIENT */;
/*!40101 SET CHARACTER_SET_RESULTS=@OLD_CHARACTER_SET_RESULTS */;
/*!40101 SET COLLATION_CONNECTION=@OLD_COLLATION_CONNECTION */;
